id,user,amount
0x102c3142aa11d40d85257c860cf5dd4f1ec30a71f825876fa73d1fcc79fcf374-0x2,0x4dfa59171917d438a3510bd4c06782cda72991bb,0
0x89145de27fcdccec00926ca3852a8df066da8b4edcffb5f05538b3c1e40ea19f-0x1,0xf87253513a46d786fbaf1adb9850e6f9fdb9f4ad,25997599462680461879175790
0x02c14deb0e365061ad07db3a5075f58f629417003224a711c627f562a519e186-0x3,0x82a28c491ec2bb88bdaee400e3b0124d40326e9e,9587403497376269295628502
0x9c89c68f3a6ae660a317c07bf0d19896e7d0329beb954b89a59fa9fd0c371e0d-0xb,0xbf0f18033950ef50570db1cfba0ab2eb49d3b889,1592992750772671455078517
0xaf7c9414685010ed149ab773a24e563795a1b9c0f35069121f124b70eca5f62a-0x2,0xf87253513a46d786fbaf1adb9850e6f9fdb9f4ad,1834174614792283746391645
0x5f78dcb5633f5d4ffdf77f304ae10b3d3215db54d6c7aeabc1974c1824685a5b-0x1,0x96c735a2dd275a063bc4ad1840311142284268a6,4079996844991372339773675
0xc583f1da8025b2494dac210617feb0a548e690127388d188bcb648560bf71f2c-0x15,0xf87253513a46d786fbaf1adb9850e6f9fdb9f4ad,2590247322977424774481751
0x483868ac3fd708821cb6432b5fc451a9a7c7f84adf2a56da19318026cc3b1408-0x3,0x82a28c491ec2bb88bdaee400e3b0124d40326e9e,464041103346849019506345
0xf151b7fd771ce2cf7b769cceb7bf25d477ae0fcc385224cf739a90841d4c0a02-0x1,0x96c735a2dd275a063bc4ad1840311142284268a6,2698220565027435329562180
0xa2a47f2a518ab6cb27f231afb5764b666c32f5225124598dadec24de4757b736-0x1,0xf87253513a46d786fbaf1adb9850e6f9fdb9f4ad,6540386235759787924463126
0x151b8074397d1c59a6fda9b95dfb113d1ace121352706e29b62b72f836e97178-0x16,0xf87253513a46d786fbaf1adb9850e6f9fdb9f4ad,3134230628362307751600685
0x3ed307c8ad15c59ca79b339818a5849280a60dd906a5afd7f08684f232e91160-0x3,0x89ad0536cea44c4db74b51b530a9474698307d1d,8865387406431092489773272
0xd591dabae76c408a76a3687ea75260bac622a70d4fcd61a3aadfd360a880bab6-0x1,0xbf0f18033950ef50570db1cfba0ab2eb49d3b889,19872041803896517379896878
0xcfa35759b92d3570a2de4429b6c132d0b063f9e7f46a583dc19664e38c485819-0x17,0xf87253513a46d786fbaf1adb9850e6f9fdb9f4ad,1697353868450981673827626
0x58c9e4522cad24e8877c337bbf920a66750c03b005309fc538e6a06ff10857c6-0x4,0xf87253513a46d786fbaf1adb9850e6f9fdb9f4ad,1277020474137931034474573
0xcbfca40007134e378356b8fd6ae0fc749f71a334b00e9800087addf620283008-0x3,0xf87253513a46d786fbaf1adb9850e6f9fdb9f4ad,2798145154853128991042119
0x854dad01be7c499d7c246af6e5ea8375dd9563a231904ece8efc1e7a598afde2-0x1,0xf87253513a46d786fbaf1adb9850e6f9fdb9f4ad,329661717411800824682621
0xd19c96ba7c427ea9020026f00ee47e139dd6f08358e43bcee51142f6cc5e4b03-0x34,0xf87253513a46d786fbaf1adb9850e6f9fdb9f4ad,731239092495636998250120
0x0f43c731c0693faabcedb853da794bab6d150b57a00b50fc34d2ca5f587dc14f-0x15,0xf87253513a46d786fbaf1adb9850e6f9fdb9f4ad,731657293976936687992232
0xdaf69d23361f353835a2d200846d579c10d2a6c2d5c01d916a49deffb0ed204e-0x21,0x96c735a2dd275a063bc4ad1840311142284268a6,5531925111963260273742550
0x491e3c8f3b5c9c8a80cf78dc39e7d50095e53b31a4e9c69e9a5666c3f0394c0c-0x6,0x6b11d8df39e465c748ca6e1624c63e473d9b7780,12903188074443634893698711
0xee4a1391d5a5e843ab43298ca032d3750913b7ca84218fd3e7c6379a74b711d6-0x1,0x6b11d8df39e465c748ca6e1624c63e473d9b7780,806636530398322851150
0x1c45023aeec9ec68efec6f9e4584e9925fc032e1dac990e73e16478d4f3e9550-0x25,0xf87253513a46d786fbaf1adb9850e6f9fdb9f4ad,4323910507187906028107280
0x28ea81f378ff5c53909093de27464f6e6c89431863e22ecbbdeeef64dc7c62f0-0x1,0xbaaa073651d058524864f709d4249a3cb162062f,1293283851373696264980226
0x9f738b5cb028db9ae73ebeba711c9fffde0adc2575bcbe7748eec226eaa1afb1-0x1,0xf87253513a46d786fbaf1adb9850e6f9fdb9f4ad,1945245972352026560695012
0x5423d88d4fa070ba828e189483506bcfd314725c7c8fe77300eaebdab5a9eb2c-0x3,0xf87253513a46d786fbaf1adb9850e6f9fdb9f4ad,1483640661720041004654116
0x9d5db8b867510fb9af8c82a3c9b3adbcbefdb544991c7b9b863ea6926b6da98a-0x3,0xf87253513a46d786fbaf1adb9850e6f9fdb9f4ad,893596697569300309020586
0x182454d5f46283775e3edfcbaf1b026dbb456d9214e28fcb2f4d3551f4a9662e-0x2,0xf87253513a46d786fbaf1adb9850e6f9fdb9f4ad,1621190853672471319519773
0x9dccea1cdc21d36efa45a4fa6c9509113026da5c3c5cf0ae9a5c761fabe559ce-0x10,0xbf0f18033950ef50570db1cfba0ab2eb49d3b889,13451909746738287165835389
0x9b76048316002ce94262b71ea500148f0705bd2c40c8147e1baead86e850a393-0x4,0xf87253513a46d786fbaf1adb9850e6f9fdb9f4ad,395949501546049385614693
0x21bd10897492521e8fc85087943224295588400444efec3a9d120a115ae7f06b-0x6,0xf87253513a46d786fbaf1adb9850e6f9fdb9f4ad,1245382061354283576497800
0xbb0d01061fcc77740622fa83bee6577831ebe494ad00c84cbe2936ad0389dc9c-0x1,0x6b11d8df39e465c748ca6e1624c63e473d9b7780,2152131887628046723352550
0xcc6a34a74d54e6ff92c11793ea110bf0c6885fafb64acd2639aaa659031bb9f2-0x18,0xf87253513a46d786fbaf1adb9850e6f9fdb9f4ad,899679667040778151883550
0xe6ed99cacffbf28a83f4977fe90bd19f3ed0b310c6c6e92fc96a286e0f5d0982-0x3,0xf87253513a46d786fbaf1adb9850e6f9fdb9f4ad,651918490460157126819600
0x53d6bbb96365f8b4eec3f65454876e2fc8fd52d9b91b6768fc271d602aad1eb3-0x5,0x89ad0536cea44c4db74b51b530a9474698307d1d,4147070375670262644753401
0x15abde6ea2b8f2e003e9c0cafa7063bf2e764308a2f3e1713441ef3639763763-0x13,0xf87253513a46d786fbaf1adb9850e6f9fdb9f4ad,568137976992143658806700
0x7cd168f98bbbf7d97de95da19e541f59d45aed01b18424af4eface1f5f2cfe10-0x4,0xbaaa073651d058524864f709d4249a3cb162062f,730220885563333818579603
0x2a57e05b58c4ab791572f28724c30741a3f3b3c1076dca350347cc522821395f-0x5,0x6b11d8df39e465c748ca6e1624c63e473d9b7780,388117283950617283948140
0x24711aba6406890cfcfd75f364ade85c9f8a87f5b2457c46af071fcaa5817f91-0x7,0xf87253513a46d786fbaf1adb9850e6f9fdb9f4ad,671690867003367003362700
0xf61deb3816f7e28dbc0adc7195eef33fc1abcdc7d8f999d807aface664fc1f09-0x4,0xbaaa073651d058524864f709d4249a3cb162062f,199046015712682379347772
0xe209bc6505411bf915aef35dbca562988bdc6a4850073e1a9e1502d9ebdcc262-0x1,0xf87253513a46d786fbaf1adb9850e6f9fdb9f4ad,2531185699588477366238950
0x5f7369a3fc6c5911f5eea6288f3483579dc93ecc96f46eab544b2acdcbdf2867-0x1,0xf87253513a46d786fbaf1adb9850e6f9fdb9f4ad,994479215274351123646050
0xf6d538e7d5c93d3d34ac84f557780ea1ab37f5d1cb7a9b13a9609fe2af4a1b49-0xa,0xbaaa073651d058524864f709d4249a3cb162062f,95834552396110123957000
0x8fa7239f54d966ef20080d45cd2694fc08064c6613163c54fa30fd6fefcb5bdf-0x2,0xf87253513a46d786fbaf1adb9850e6f9fdb9f4ad,1065608016304347826080150
0xedd4cd4a5caebda8e6dfcd954795369a7fcd9ee3a708b5e3358c76f83ade32b5-0x1,0xbaaa073651d058524864f709d4249a3cb162062f,101254042949371248157251
0x80c39d4715fe8406499b830ed896256b00cc72eb541be31d309f1767269fb0f1-0x7,0x6b11d8df39e465c748ca6e1624c63e473d9b7780,1022838920194586084808290
0xc6decc0a287b2fd41e0c0d526ec93b41f51633ffc3b05e169286c7639b07215c-0xd,0xf87253513a46d786fbaf1adb9850e6f9fdb9f4ad,1041380150655223329635250
0x7986d1eeb835dfb1c573db18160778e4d6a8006936d16c6a1b596881ca7016fe-0x8,0x6b11d8df39e465c748ca6e1624c63e473d9b7780,147445436507936507935570
0xd8470b354f47bd4c52925e711990f774165ec414b724731b80c0a1a48c3e045b-0x15,0xbf0f18033950ef50570db1cfba0ab2eb49d3b889,13511096656510567497370680
0x9a324d990f1220db29ae382e775ad5a220f02314430930c5d4e8e5ccc8dbeb12-0xb,0xbaaa073651d058524864f709d4249a3cb162062f,283816872341136598135189
0xd20d079ca0a6daf832600f49642a7433bfb847c6eebe63a695aa65ff7148a2ba-0x8,0x6b11d8df39e465c748ca6e1624c63e473d9b7780,234196998171661301417120
0x0cf79484dc338c77dbec5313e475a3672b752337dd6dc9edd9ffafde1ff3c769-0x4,0xd28981953fb582f655014e31634563f372f947ee,16062727218324725031895879
0x63f9f0ec1fe5503178603e5c3127e32c4efdefeca362681dbc24ae7ab92e8f2d-0x1,0x9eb1e141b58e9204795ab2b323c860b637beb27d,20502185564929580896513
0x112c5bfc82f5bdcdee8984bf2e24ccc5d70eed3eaaf96d8503d459af4498e81b-0x7,0x9eb1e141b58e9204795ab2b323c860b637beb27d,55716871262197041233512
0x46c097b5780cefb888149fae8a2df197b5ee6b8b1fb73c0a71ca10a81cac61f3-0x7e,0xbaaa073651d058524864f709d4249a3cb162062f,101062793904110255851746
0xcb2ce2b3bb4400c032c203659bd3682801e0c6ffd6d0b1ee0a1e941b84f5d920-0x1,0xbaaa073651d058524864f709d4249a3cb162062f,34497462228517469310450
0xa0c3bd09e830374cf0b13e350ab7f88e702d5d471456e8f4b7c320e3baed2ee0-0x5,0xf87253513a46d786fbaf1adb9850e6f9fdb9f4ad,2572526060925252240870900
0x33bb5bed05fcff7217a3e68fe62411f7974dc360f43aab85480c55722fad71cb-0x9,0x9eb1e141b58e9204795ab2b323c860b637beb27d,79447493704752911551268
0xf05a45e0c10d4e8f2d7688dd6a64bc7ce143098bbfb13013d48c4d32f1917cdf-0x4,0xbaaa073651d058524864f709d4249a3cb162062f,117273406379297989573980
0xa97ec0fa202c9fd43acc9c3bbbee0272ad1f1fc1a15e711df163b0707501b006-0x11,0x9eb1e141b58e9204795ab2b323c860b637beb27d,209616985243560343973872
0x1c277565c45d4ee27f8fcce838743c289f44d524abd368508ae517b28991909d-0x6,0x96c735a2dd275a063bc4ad1840311142284268a6,4896574032614885582846380
0x1713f6fad7e68fbcadf2045a572dc4691be09f27b603d25288bd76debf4666ba-0x4,0x9eb1e141b58e9204795ab2b323c860b637beb27d,115240921787709497205972
0xbee8bf267ea52f5f3602421d4bc0d31f45c0839841cb5216f18914a8d19bbc07-0x2a,0xf87253513a46d786fbaf1adb9850e6f9fdb9f4ad,1931534687346294253630500
0x194556548f43242842ae86f821f84768c6129cdf9c6a3b6d7f837344cb75ef48-0x1,0xa17b8a89824c91db60b1e38e16df90d725455f1e,11676557438736817618573592
0xb820a0c5d0aa74789e990d0773022a4a4e9e639ddbec0727f52522b328cccc91-0x8,0xbaaa073651d058524864f709d4249a3cb162062f,161659101489757914337884
0x69d642516f21d65d2fdaf7ed27e44f173ce54a10e244e270eee6b595140fcc9b-0x9,0x6b11d8df39e465c748ca6e1624c63e473d9b7780,698983285145320116696580
0xb4851454522ca85578bc2fe699a8ea3e6de37b856751e4f4c0ede606729092a1-0x5,0x9eb1e141b58e9204795ab2b323c860b637beb27d,346767341713221601487532
0x5ef83f41f5f178ed08f0b2a51948c77d924346ee963dfc5f0acd59e9945ca601-0xb,0xf87253513a46d786fbaf1adb9850e6f9fdb9f4ad,1575739059590316573546700
0x0cdbf9c889566f294fde62ae0d624b618ee76d6e3950f634e404dcb53c71accb-0xa,0x9eb1e141b58e9204795ab2b323c860b637beb27d,197945763500931098695200
0x91ac895e9d26a4b02173df620336781a1f26ab03487ca0ff145ccb95a6dee35f-0x48,0xbaaa073651d058524864f709d4249a3cb162062f,213150035677569491348976
0xdb403edb267dd17e1887feb5cef7c457db4ffcb4b4cc3ba176d602c803709584-0x1,0xf87253513a46d786fbaf1adb9850e6f9fdb9f4ad,750648733818192430741000
0x502e394c442d78a19e9babf7e312fd7153f0991c0a75b9debd177afdfcdec50f-0x1,0xbaaa073651d058524864f709d4249a3cb162062f,39821179115664460282554
0x159fb559fe043256016571ee3e5b35655a24745f4eac4dbaf8d6cac7c7e2d19e-0x9,0xbaaa073651d058524864f709d4249a3cb162062f,63461734603377323683430
0x64de0a350d90e8d897b78c79d2906593302166400797d1bc9abd619a359568f3-0x12,0xbf0f18033950ef50570db1cfba0ab2eb49d3b889,14588254431805601205392352
0xb89f0fba8393dfe9b45617621c1d28544af91bcf562bbb0645729860b08c6580-0x3,0x9eb1e141b58e9204795ab2b323c860b637beb27d,353177615485239649482534
0x53e8a1bdf35836d269b4649de5150818a53702143eb5108eb045441c48cef19e-0x1,0xe4748ca8fe2cb60eac4978520d722bd91cbf9646,43891920257401144337653
0x694bf950a5fea236814448bc70803018cbad62c03fedd117ff0e78358c8992eb-0x1,0xd28981953fb582f655014e31634563f372f947ee,1291270006472303210090653
0x6415cbb0a25e8bb2e42d24537ceb0384d52ebce4f5a716c9530e952159df8fda-0x3,0x9eb1e141b58e9204795ab2b323c860b637beb27d,261690162599241055306186
0xe6c64f087588a06c2d70ea3e602515cebcdde19620a27e7310388cc2893dbc9a-0x1,0xbaaa073651d058524864f709d4249a3cb162062f,157099083117282015468164
0xff76b22be1e8044f3f142a72f8deb86da0ac09ebe6584bef4190a16492b8ff46-0x2,0x9eb1e141b58e9204795ab2b323c860b637beb27d,241348013361462728549794
0xe9e82e5a03dcbd87bbd3618cafcd859bd64b05487811fb6e3eeef33cbed66584-0x4,0xf87253513a46d786fbaf1adb9850e6f9fdb9f4ad,2665319563615894657869800
0xa9b9625a028f61f7a72130fdeaec7f2ee49b669a2c754b98f317cf6bce97cd9a-0x30,0xe4748ca8fe2cb60eac4978520d722bd91cbf9646,272109841321753935656953
0x4cf4a14f3550d8bd254aaeaa5ecb9e50df9675eafe560ff2bed3cf6e8685b670-0x25,0xf87253513a46d786fbaf1adb9850e6f9fdb9f4ad,273165634227454721775450
0x30f72713c01c09d387e37304ff5f83b884c740899e2576810c7d86b40b72074b-0x2,0x9eb1e141b58e9204795ab2b323c860b637beb27d,183602201641878365381546
0x844cbf863c14e2e6a54f66d2db4b970dc81a343d9dc34b91e075d4b1ee42934b-0x8,0x82a28c491ec2bb88bdaee400e3b0124d40326e9e,1366989135929214601322590
0xfd45760f7a7dd0b3ea7d50fa246250acc3e5c9fd5374b021ca8127ceb2cb5bd2-0x2,0xbaaa073651d058524864f709d4249a3cb162062f,285075062255571200250680
0xf75fa26a9df4f58dc5c035d9e9e40e414b01eed92b8b96e63049cb2fef07b166-0x6,0x6b11d8df39e465c748ca6e1624c63e473d9b7780,1176790613166079688875580
0x1df0558605b8896b46df5580b35c290847f509f833fd49b0cedc4915203672ee-0x4,0x9eb1e141b58e9204795ab2b323c860b637beb27d,237836675752855659396182
0x8fffca682c14bffd5ef237f4fdba47cffa01932de61b578e9cf7ed9a362f9b68-0x3,0x04330a444f9d051713b13c934d478a552165c205,20855006679775582226994431
0x82a3f42eba50fedcdba98b88573698cd317833498a0cee1ab2d0cc24e6e73193-0x1,0xf87253513a46d786fbaf1adb9850e6f9fdb9f4ad,1436327719366562824497600
0xf083b9019eaa7df45629517ca3c1f3305b52d7d23ad5fa38bf9cfeab707e46ac-0xc,0xbaaa073651d058524864f709d4249a3cb162062f,131194291695210313444644
0x1862ded802d63d7e4938c63690c119e3098f6c02413a68cf3633c91cb09be427-0x3,0xe4748ca8fe2cb60eac4978520d722bd91cbf9646,1416878221270354935235740
0xb467034dbf2e46a91068ccef65677c6a4f92ed3e3f59fd9d2e8875be24464cd8-0x7,0x9eb1e141b58e9204795ab2b323c860b637beb27d,252094659334673601167657
0xa1f533feeb933ebb3e740429ceee5a6a31d0e119416926734b8c116216550591-0x1,0xbaaa073651d058524864f709d4249a3cb162062f,129869197699964632888268
0xa9160a60a60c7ed633d9bb364114de3c248d12a785455cceed6ec74b1c37e611-0x8,0x96c735a2dd275a063bc4ad1840311142284268a6,1675216681237511887923740
0xade9057edc09f06739bb7099d61d6fbfddb358239c94df295e599a06a4936094-0x19,0xf87253513a46d786fbaf1adb9850e6f9fdb9f4ad,1239558393994147420993700
0xa9b7b105288661fff0ca1baec264f7799a8d035c3ce495fa5ab75a9b74fac9a3-0x9,0x9eb1e141b58e9204795ab2b323c860b637beb27d,232612527114967462037565
0x3589f731d3e32abdc764b3012e5e49a7a7130106aec73e9f7a86762b0c5f3d0d-0xc,0xbaaa073651d058524864f709d4249a3cb162062f,129017534345625451915296
0xb569b299ed3ae376cc79350b0d3cf0221644f2cf54a9309e657e05c6bfd50855-0x2,0x9eb1e141b58e9204795ab2b323c860b637beb27d,292124231742588575558505
0x1879da9b4cbf4e458e006232d9d36e429141bc0c166f5d06a9b17953daea0db1-0x2,0xf87253513a46d786fbaf1adb9850e6f9fdb9f4ad,1301452533743070619418050
0x63895254a8126d7032e92910a642113bf3ec1b24d003198e7a16706b5e02b75c-0xb,0xbaaa073651d058524864f709d4249a3cb162062f,113995842371655820678952
0x7f4e18b41dfa8422273581fe4995a04161f4f8458b3e78e1ce37467396b8a324-0x2,0xbaaa073651d058524864f709d4249a3cb162062f,143992528320077127017640
0xefa1cd827005740cc8bc10c6a4141fdd3e6f8456544d7838489f53a80734a6f7-0x9,0x9eb1e141b58e9204795ab2b323c860b637beb27d,427693420101229211855535
0x11342adc66c830467d1ccac064aa4b7f87c89039bc2052fb8a40654fc42f0cd5-0x2b,0xe4748ca8fe2cb60eac4978520d722bd91cbf9646,5131904046414889163664307
0xce6ac85a4ec6b16c9486c10a93b28f91c22837f8fe73a679c3f5af047873d68c-0x1,0x9eb1e141b58e9204795ab2b323c860b637beb27d,123192335502530730295665
0x922f423fd4b3efafe08379e8eeb2e1efd94494dd8173f2921228a414b69e3318-0x5,0xbaaa073651d058524864f709d4249a3cb162062f,126747409014220294045944
0x65fa5acabde7d3a25fb1c6b69b4950c465d774cdbe36db30cd2a5e2aa4fbc637-0x3,0xbaaa073651d058524864f709d4249a3cb162062f,22357797059532417449848
0x8864a7ee6de117b34c6e805a2709d2173e9933f974ed8efd7ce98b8cdc20b58f-0x8,0x9eb1e141b58e9204795ab2b323c860b637beb27d,206166960412147505421675
0x3ec59aabe8bf4dbfcd792974b65ec2c7bb8e346a3a8026d9616f9454d7e4d85b-0x2,0xf87253513a46d786fbaf1adb9850e6f9fdb9f4ad,3162254835502530730276200
0x8cbdfc37553868b038e35ec92ad27d306b1a11eb5809cecb8d73d40c2a4f6749-0xb,0xe4748ca8fe2cb60eac4978520d722bd91cbf9646,2559174650518197155924830
0xbbc41d9a0ab5ce7c03c4e02e70d3574f28bea0115c1f4f5a8cce4380810ac943-0x4,0x6b11d8df39e465c748ca6e1624c63e473d9b7780,1286877860655227715496570
0xd0a4bd3af0f03acf3cfe29461d0f0dc2449d331518e1b3ce6f72134cd534e7d1-0xe,0xbaaa073651d058524864f709d4249a3cb162062f,249832791033984092550824
0xad80960f31b579a4644c80e882d558de79f83a0aa6cace34c5c976cb3a95a85c-0x7,0x9eb1e141b58e9204795ab2b323c860b637beb27d,396347387924801156902740
0x2a56a7b0a4e4b532fd903cb45756276c0c2cdb754c1354b3bc02080772bd789e-0x1,0x9eb1e141b58e9204795ab2b323c860b637beb27d,87293248373101952277105
0x5c3a9dfa878742a7e59748b765f6800adc7e12f10ce0d50658d467739488995e-0x22,0xe4748ca8fe2cb60eac4978520d722bd91cbf9646,875869090722314324203925
0x002a1770bd996aa6cdf72e19740f54f6fc83b2659f212abc002c1f05db8deaed-0x1,0xbaaa073651d058524864f709d4249a3cb162062f,137514919403651610986096
0x54569ed3790f1403c4d721f534ff0a2eaf2d5ed317d5680e6314b9a2b62ecf34-0x11,0x9eb1e141b58e9204795ab2b323c860b637beb27d,224499121792892041572465
0x386e3a9e241e7cc90773822d41c5b8b4c5f52b951e3c0d64cdc8bf24afdca2ac-0x1,0xf87253513a46d786fbaf1adb9850e6f9fdb9f4ad,1543381912167435238574300
0xd0769723eb7f8a86f24eb9053facdb898c096cbfdc27186807c44162746d8d93-0x10,0xbaaa073651d058524864f709d4249a3cb162062f,115855070009033423666832
0x28624faa089b77081237da1828288a6edbe577949f6bcec46eb2d8583907c031-0x1,0x9eb1e141b58e9204795ab2b323c860b637beb27d,198258066565040650405230
0xe7962365922f493966ad60612803a1e942a79caaac761e89e7c641901103951c-0x3,0x9eb1e141b58e9204795ab2b323c860b637beb27d,346053730964167036279695
0x80ace7c46d69c0242616457b8459a0aa88ac07a0353e94c17655fcd738fbd1a7-0x3,0x9eb1e141b58e9204795ab2b323c860b637beb27d,100357744107744107743470
0xb27a51c9d3743955ddd8bb665eb0167bd34f441f67cd21eab4b29a1693657002-0x1,0xbaaa073651d058524864f709d4249a3cb162062f,335508343629275388059704
0x43238c5e9fc744babaaa614843de74f94a00f9ceac75ac27ba25902d99f595f9-0x14,0xbaaa073651d058524864f709d4249a3cb162062f,91997755331088664421408
0xcef11c64c02ad96d4b23782f94915bbf5e498d74cbcedf9c9cf867317747333e-0x13,0x9eb1e141b58e9204795ab2b323c860b637beb27d,290482954545454545452685
0xe15def521178c5e047249b77779a05ff69acf0561d5bf494736028e40f68570a-0x11,0x9eb1e141b58e9204795ab2b323c860b637beb27d,188362794612794612793405
0x8b3676a9fa9ca68d5d3723b00c4201f83d55e7d96aa229ecee6a06d2f68a66de-0xc,0xe4748ca8fe2cb60eac4978520d722bd91cbf9646,9326523927874186303656699
0xb9f9de5af35558eafee0e96c2484584734f643ea4aca820379c92e7c41230487-0x3,0xbaaa073651d058524864f709d4249a3cb162062f,154966329966329966328976
0xfde30e5f135a2da142099940f5199fb04caaef2a5078043222a92d83e4d0355b-0x13,0xbf0f18033950ef50570db1cfba0ab2eb49d3b889,39256905526356081596126736
0x8cda511541870217d826c97d3c7e72cdd38261ad92b93858ca51bb951277033f-0x3,0xf87253513a46d786fbaf1adb9850e6f9fdb9f4ad,4205825602485814163752800
0x2fc06f58e4595682db922442f01eff08b2578aaa54c40c489b9bb838ce8b339e-0x1,0x9eb1e141b58e9204795ab2b323c860b637beb27d,226430583214012628391810
0x8c563a7796814b852da6ce9d0263f565fffb1a601373295b1775f041c14a51c4-0x28,0xbaaa073651d058524864f709d4249a3cb162062f,139032870834950620478728
0x5f1efb600a1e2882f841354ba7496668aa5958855f68c7ded26a554824aa98a9-0xd,0x7b822c7445be2eec5a3aceeea7744f319c43f809,1445000836107075007986833
0xbe9bd190dc35b4599710628d4d16ac8ec8362e0054978f5459002e55f8b605d7-0xd,0x04330a444f9d051713b13c934d478a552165c205,12717870099781067756780950
0xac6b23a0c6ca514f9b09837dd54046ddb7959d03c5edc999886dbf0094b995ee-0x6,0x9eb1e141b58e9204795ab2b323c860b637beb27d,265493597094801223239900
0x4ba13acda56249079d2963a08f8af9712697e3ead6159a2760f0aedb275eebf9-0x1,0x6b11d8df39e465c748ca6e1624c63e473d9b7780,1319082529838869170621570
0x22d82193e9dc7065d8e52219f6f1a65460fe2923e43de5bf62f974bc79fff954-0xe,0x9eb1e141b58e9204795ab2b323c860b637beb27d,197854548929663608561425
0x5d8b1169adbf8e08bfc897ff1bd405d5cd5a7544b5be7039c236798f71cc1d38-0x3,0x7b822c7445be2eec5a3aceeea7744f319c43f809,1373395552047900711578787
0x7e04ec3bb9add220df52df4c7629ec3c3ac52a3ddd2c82bb76678c32626cd7c7-0x5,0x9eb1e141b58e9204795ab2b323c860b637beb27d,200363210891204230602165
0xe7d5f2311ce782dda7367d1194d3614784169230379b0b5c1178eedd4313732e-0x1,0x9eb1e141b58e9204795ab2b323c860b637beb27d,191382445917123705056670
0x7f013c3fdcc55a21b33a324bac19ebe152d85f26d7d9d4b52c1c78dcb581bbe0-0x45,0x9eb1e141b58e9204795ab2b323c860b637beb27d,169975434186471663618660
0x959ff7746eb9c4f8774b302db186345514cad440b4c1777d8b900255af9a3007-0x1,0xe4748ca8fe2cb60eac4978520d722bd91cbf9646,8039891873582185346565061
0x9b917b99e7509f813ee49676084658a090a95838b18ddd10789fe26228ee46ee-0x1,0x9eb1e141b58e9204795ab2b323c860b637beb27d,248712199116392443630335
0xcd9760feee275d4c64e87e93a29dd73ab4fb87ccb38094398b9f65f808005f70-0xd,0x9eb1e141b58e9204795ab2b323c860b637beb27d,186671421041928524169535
0x983905ed6f8b6ac0c1d8a1b2750865762d3c282628b2e937f5892b66a563cb98-0x1,0x96c735a2dd275a063bc4ad1840311142284268a6,3122277420691975233581030
0x1e82bdca9ef0204ea65bebb9b7c5db2bcc280c47b4dbbdd09f4ae6d66673de6b-0xa,0xbaaa073651d058524864f709d4249a3cb162062f,769198112683047703926832
0xc697868274ff13e128ee10cb7ed53091bd5a080e04e3d48eaa4bc90c8ebc8ce6-0x1,0x9eb1e141b58e9204795ab2b323c860b637beb27d,236937499999999999998480
0x6db7018b8f52b3cbfbda50fa3c9498a7b3a564e40fe4376f7aa6e5a4dd4b7554-0xb,0x9eb1e141b58e9204795ab2b323c860b637beb27d,305059659090909090907140
0x2c5ec5e23c49b52240e55c6ee43c4cdf7f37313448fdb3a910e09ad59c13a66f-0x3a,0xbaaa073651d058524864f709d4249a3cb162062f,197833333333333333332064
0x4471b261c614c536e0192e4fc351e68c67e06a02b2804c447a8620c839db1e5f-0x1,0xf87253513a46d786fbaf1adb9850e6f9fdb9f4ad,6853449198505154873460850
0xea95c116eef43100a3c3fc08a83d2d2e13f7827b715ae1ab5bbb34f1966b4f5f-0xf,0x9eb1e141b58e9204795ab2b323c860b637beb27d,199850424000529199186772
0xb6203c0e7ae8e785a8f3f617127bc7dbf67838e1ef0e10567ffc2125d406056d-0x28,0xbaaa073651d058524864f709d4249a3cb162062f,107037012828872449328328
0x6015bcc790d5261160df6d3cd3f64b25caba85406ab5a43964ee7d0b3c7e8b7b-0x6,0x9eb1e141b58e9204795ab2b323c860b637beb27d,234586074561403508770428
0xa445eb9e9b5270ae4bb65a555f050f5533125567a013835e49718d560805821e-0xc,0x9eb1e141b58e9204795ab2b323c860b637beb27d,98533442982456140350248
0xc4619bb3a1a689e2d24a1998fe04249d344bd6c98b8b67b9e12faa009ce8914a-0x1,0x9eb1e141b58e9204795ab2b323c860b637beb27d,123560855263157894736048
0x14900ab56ac46728e0ecc5e65f6d0833e67fad973843a466ab0b5371e332b831-0x12,0x74b0d3ca2709cb51738c179d66c4b70f3bb18778,466145851163025376301840
0x72e73998f10eb5fcff25eb08358705138f9345d3a222c67e40bce9c90637d7d0-0x3,0xbaaa073651d058524864f709d4249a3cb162062f,234052144249512670563808
0x0f4f333637dc599b0a647ed61d3f81285c174f0431417ad06529d239f37b6fcf-0x1,0x9eb1e141b58e9204795ab2b323c860b637beb27d,234750548245614035086224
0xd5e05ec7a5542d6e6ca8899b37bd4b0f518ac52cac1e531da435b1bd085886ec-0x1,0xf87253513a46d786fbaf1adb9850e6f9fdb9f4ad,2485387731481481481465600
0xb4a5317f7a17a19436075e3320c4b613144c86b10d7b70cfa7cc03b835f6cef0-0x3,0x6b11d8df39e465c748ca6e1624c63e473d9b7780,1674355820082668043917840
0x6faaa04e610c19b21384c37193b6f6c0d942e73ceab67d43aa59f5fd96a28364-0x12,0x9eb1e141b58e9204795ab2b323c860b637beb27d,308404605263157894734856
0x1f3adb435139d040205182d92436f2f3d6dad54023f7f1c7c526271d8875e02a-0x1b,0xbaaa073651d058524864f709d4249a3cb162062f,161337719298245614034056
0xc4ffd2d36c9ea8bbb6cd78de1e14554f0581d8c4c406e8ada509c10fadef5009-0x2,0x9eb1e141b58e9204795ab2b323c860b637beb27d,95926535087719298245002
0xcc14e615c6744e1b6ea416099201c8417c3c2b8f06d018af3efe4b74a0ece2fc-0x9,0x9eb1e141b58e9204795ab2b323c860b637beb27d,50126096491228070175132
0x63d0408fabfe98c499e8081d46358a47e44e3d9a08d8f8d15317b2292c88433d-0x11,0xbaaa073651d058524864f709d4249a3cb162062f,102931286549707602338520
0x9fa8144b3422c90f7feea193bfe0f202addb1f800595f9f4abd224fedc2e440f-0x20,0x9eb1e141b58e9204795ab2b323c860b637beb27d,158755482456140350876176
0xf57a5e9a27441eb7f89b4dc4004f68d83c8f84f6a26bb99bc196924020e52a11-0x3,0x6b11d8df39e465c748ca6e1624c63e473d9b7780,322037950779727095514500
0x18444ac80d23e727d1c5b7ee0fb4e61cbbea72585979ad71abaf413ba4d541f1-0x9,0x9eb1e141b58e9204795ab2b323c860b637beb27d,197023026315789473682942
0x8b31769f16e66a6ea16496b23c6aa46de80539996448c14ffe0b884df0dc4096-0x1,0xe4748ca8fe2cb60eac4978520d722bd91cbf9646,15556379601591877712189822
0x089718ede8363c0cea37a45b0a89d2a66e17cc41333d86dd4678d9fa41f30c1e-0x1,0x9eb1e141b58e9204795ab2b323c860b637beb27d,48815789473684210526010
0xb92fbff1002895a1c642351ea96c68824c19ccf48e4de8e1e52ea5bcaaa1ab55-0x8,0xbaaa073651d058524864f709d4249a3cb162062f,146046539961013645223232
0x761dfe620181f92070e890096ae07198b0c3450300342c1fc7ef517b67fba084-0x1,0x7b822c7445be2eec5a3aceeea7744f319c43f809,9374203277021863402360683
0x2ef0d434d9edfd3fca8634aa84ffcff0f0154ca2f8eecf24a8e18f04bd014a2d-0x2,0x9eb1e141b58e9204795ab2b323c860b637beb27d,194117324561403508770678
0xe958190eb0d697aa3fea3a743893d55079dad20ed7a36a689d84ffc7c812a568-0x3,0x9eb1e141b58e9204795ab2b323c860b637beb27d,422538702966247559506974
0x92501922f53146513f43744def29680670d7bfce882cf014ebbe6bce51fd59c3-0x1,0xbaaa073651d058524864f709d4249a3cb162062f,367169585294546634239736
0x93a777efeed292b9c7af606fa6cba849e37f78e415ea9b092f8b4b13ae6b6671-0x5,0xf87253513a46d786fbaf1adb9850e6f9fdb9f4ad,4555501389793911324873450
0x2765d29be16fb0adc4aec3eb91ec0138a2129fa73232b47a0bf12ba17f93e135-0x5,0x82a28c491ec2bb88bdaee400e3b0124d40326e9e,532172510016202770026827
0x1381b98d8a125253cbc191e3e94d4a4e9f876c51220dae79aa75b68c51643edb-0x1,0x9eb1e141b58e9204795ab2b323c860b637beb27d,448140256734006734003874
0x55d2282d8b2cc47ef52f7f856f96400da297a23bb323986136b39e3270c585d4-0x2,0xbaaa073651d058524864f709d4249a3cb162062f,123996913580246913579448
0x34b95a272ac5164c964ccafa13b6e68d4f2f9a63f8a54fc08ace76b255236814-0x2b,0x9eb1e141b58e9204795ab2b323c860b637beb27d,318776304713804713802664
0x32b4fc44f5a26935895ebb641c359c075ea6e2730221dfbd368db248b564b7a3-0x4,0x9eb1e141b58e9204795ab2b323c860b637beb27d,55239898989898989900
0x65d253d950b4b656f2d2f0f7f6105615ea2ac273b727badb38c4039f7e0ff9fb-0x29,0x96c735a2dd275a063bc4ad1840311142284268a6,2073714025584649738042860
0x55d91d9525e1a0c26da2e95d6e96cda4bebec1f32fa06e5ba79412619708745e-0x1,0x9eb1e141b58e9204795ab2b323c860b637beb27d,211513573232323232321880
0x57c9daad5ca7d22300d5d7561bdfd7733fbd599771babb98d3d87b8394e6dbc3-0x3,0xbaaa073651d058524864f709d4249a3cb162062f,221075336700336700335288
0xda85478c1e9015a1a9bf40ffaccbb2313293a094554b27bfc2b8f7abd1f7b6a9-0xa1,0xbf0f18033950ef50570db1cfba0ab2eb49d3b889,42521005981534278149764800
0xa2e0e5403df9cfc2c5753d06cb8ec6c976555e98f0f483047c29622141f5fe9f-0x5,0x9eb1e141b58e9204795ab2b323c860b637beb27d,219990869519867491398246
0xe71961cb4a1c89bfde8ff448eaeec2ed7ec2e499d19b7d6196d831b4ba7e0793-0xf,0xf87253513a46d786fbaf1adb9850e6f9fdb9f4ad,3137706982623587732707200
0x9be2587a051358cfcb686394880f3cef89fe56a6f61c8e117223ce72946b999b-0x7,0x89ad0536cea44c4db74b51b530a9474698307d1d,6501015434886776846820274
0xe84d0a8e467bb941eb962f12758b744064fe4c4f6f2471a920931864e7a99d98-0x1,0x9eb1e141b58e9204795ab2b323c860b637beb27d,394933806322403798455740
0x28e3842882dad8daec16177d5f0314819e1479eb8f51a97d4ec897d7ff11851a-0x13,0xbaaa073651d058524864f709d4249a3cb162062f,264330696783981928907992
0x80333ee0253e6276b4aeb0e97ed697c72443a4870970dee5fdc7399c797df3c7-0x1,0x9eb1e141b58e9204795ab2b323c860b637beb27d,78431322075782537067030
0x49d8bd9fbf470e9255f35bb9744c2dc19cde7fbc07e716fd3bcffd690675be42-0xa,0xf87253513a46d786fbaf1adb9850e6f9fdb9f4ad,616920636887448338276800
0x8b063636c0b6e766cafe920b42900b8082df20578ec51bd870d2df5a417e5c2f-0x1,0xe4748ca8fe2cb60eac4978520d722bd91cbf9646,16778591685577406069405973
0x954ec0c2d72da44582533b24b94323a3b1531bb3779f2271f791e4a9c9f05bbb-0xfb,0xbaaa073651d058524864f709d4249a3cb162062f,224059277815110263300976
0xb4fc7f7a4ee4d07333664eeba9f0096ba0f1dc864999791fbbef33f29157082e-0x2,0xbaaa073651d058524864f709d4249a3cb162062f,26270102339181286544
0x018bb59de6dee6c90b7d28fa5ea065dfddade9ed36bbe863cbe6d21904903957-0x2,0x9eb1e141b58e9204795ab2b323c860b637beb27d,638879490849627156850164
0xe208ae5c0bda41f0a0d4249016980c75070448f564639c7c3b709c580694ab85-0x1,0x7b822c7445be2eec5a3aceeea7744f319c43f809,8184899157733475074857330
0x73fd10c6549d932171b30a70897994349bf16f51c0c31ef4e3fe98e7f241609a-0x17,0x6b11d8df39e465c748ca6e1624c63e473d9b7780,1713415211974600662538700
0x821a5204b4d42a080ce1b4ba0511a2703ce0709655f375a0a50118cc9eda24f9-0x9,0x9eb1e141b58e9204795ab2b323c860b637beb27d,245369037828947368419486
0x34bf0ba2415605c9caa7aa3b0ffd74fa1b649a2f069e27bc985b85b22ee0a506-0x2a,0xbaaa073651d058524864f709d4249a3cb162062f,213337216739766081869984
0xb19ab0f7e0fe61e2985da3742c26c2e95b755e45849fe8b2d22579182e4bcca7-0x1,0xbc71faaef55147d2f96c0fbddddc399de6aac8ca,3756376018484506711632827
0xae590e98544a4fc94e18b798097e1e1a56359d5bf0308d230ccccb77c1eaaceb-0x1,0xbf0f18033950ef50570db1cfba0ab2eb49d3b889,11897139313078886429362537
0x119b778f46438bef0b70f4db2025d1dc8c67bc583a32dd61593683ea47700f7a-0x1,0xe4748ca8fe2cb60eac4978520d722bd91cbf9646,6622207026868161541127396
0x389fffe97c5d5dae3bf07b95a69821be97f7d897ca88b282ddc1d7862e4a49b8-0x1,0x89ad0536cea44c4db74b51b530a9474698307d1d,548778676033295952581610
0xdccb828d8e31e2132ee600535c0c8e50e3f471e49179e5f747a5dad8027bb076-0x1c,0x9eb1e141b58e9204795ab2b323c860b637beb27d,472510739059020853111692
0x503b43943cde368020238971890cdef30c0a510a442a178e1fd7a352b4c93796-0x8,0xbaaa073651d058524864f709d4249a3cb162062f,198180065572613242440664
0x4c56309ac09668a212a96647b48c2d5b8b5be088e92bf664969d476cd27a6543-0xa,0x9eb1e141b58e9204795ab2b323c860b637beb27d,363697176145339652446314
0xd003f8524c0a647266b3d277e7628bf3e7612bbe2ef59087f99690cfd5f6baea-0x2,0x04330a444f9d051713b13c934d478a552165c205,21787787783004859207703800
0x105ac9fe81294f6809be23c18ea141000cea028366fa16177cdee0a71d58d792-0x1f,0xf87253513a46d786fbaf1adb9850e6f9fdb9f4ad,5243258047058670506295050
0xc134694399ab111ae0a587098bbceda9f96cbc07d71b5fa73ecb6316fdd34c37-0x5,0x9eb1e141b58e9204795ab2b323c860b637beb27d,202105548973143759872322
0xb9cb3fac618cff75df35721eb4ab62b7bb0a0008fa6c6be0d318418922fd9433-0x14,0xe8ea81d654b3d83249396bb541f716fed7186457,25671554986812850311219829
0x5af5bab36c6880515e90b07ebc86190a3e0b64fd791bfd53d7ea2d8794c12e3a-0x1,0xe8ea81d654b3d83249396bb541f716fed7186457,119306213796735123750
0x1e3e200aa03867a7f380803bc210b289e8c1daa5e3a9d18067896c44ba971c78-0x1,0x74b0d3ca2709cb51738c179d66c4b70f3bb18778,611946559818451850958116
0x1e94a41ea92a1784b1b7d11bbb08222c3e48f7a43028a62a1b5cf8dd016eaffc-0x3,0x9eb1e141b58e9204795ab2b323c860b637beb27d,469549763033175355447242
0x9a993b0ff1fed359df69e9a103ece73ad54737de9ff84355d9512befc919840c-0x3,0x6b11d8df39e465c748ca6e1624c63e473d9b7780,961333461412070240120720
0x65e3388cf4ffc7181322678834b2be1556206a153c258824e1a3732db2c476a3-0x4,0x9eb1e141b58e9204795ab2b323c860b637beb27d,151046603475513428119104
0x767879cf7270ac46290f57b51ae5c374cdadf7ef6e683c8f82669ce599ee006a-0x2,0xf87253513a46d786fbaf1adb9850e6f9fdb9f4ad,2143603541337546076868850
0xca16adc6368e50af6ffbe9fa6ec317504c2d38f36b59d12a66fe4ccdced0b376-0x2,0x9eb1e141b58e9204795ab2b323c860b637beb27d,203764316745655608213546
0x016f2a0b053de1768ca8053d4d8fd5f00fcc10dc1cb76907da58b42184a3904c-0xc,0x765f6726e0108926cc4b4bd71ac961a170ffa88b,33684512707141535486545765
0xaf781a34867dd8e8e105a1d4ac6c7c4929676ede33f074b0f5c00da924518782-0x1,0xcdf2d3a45c61680e8f6c9388181a3c3405668360,33790089803166969317244315
0x76ea46344b3989b69f1e754b80a9b785c321d552f23be823bbf70f984083b02e-0xf,0xbaaa073651d058524864f709d4249a3cb162062f,698381823766894856937784
0xcc645bcbfd1d936d524259bb6893a6bcc97eabe9bed55d97a40b56e047c9dd7a-0x4,0x89ad0536cea44c4db74b51b530a9474698307d1d,627900238063893277159397
0xda210980255d3315993440d22afad6913c8b855dba76ff1d4b18f03c87b3f5c3-0x3,0x96c735a2dd275a063bc4ad1840311142284268a6,2061788767715708681939770
0xb713b783b4f7c5567fcb9176e0ca41bfa5f5927396ed3c5a157d82ae22ec83ba-0x2,0xd4ce560058b23c60233075708e0f42a2a0b5c02e,8192367904968101846521971
0xeac28aef44ff85bb9f33ff620ad8ad8ce25b63d59493ce3c8dbc9ee1dcd4c631-0x10,0xe4748ca8fe2cb60eac4978520d722bd91cbf9646,16851118187203791469086450
0xb41010827c3271f86a83e3168b1de3e9b8a734e2bc708614f209f49bbb6e14f9-0x1,0x9eb1e141b58e9204795ab2b323c860b637beb27d,436329976303317535542216
0x2fd6b2ef6a8cf59c5d6a9233c12c3aea2124b6114bd00c224d3b818ed3e22ca1-0x1,0x74b0d3ca2709cb51738c179d66c4b70f3bb18778,117805149640161488501966
0x6896697a8c9b8f154bcbc4c8e683d95f9d79ff559da323d2141803da8c01dd8d-0xa,0xbaaa073651d058524864f709d4249a3cb162062f,199883710724942952429824
